{"51": {"airbus": {"industry": 0.432899534702301, "companies": 0.4272319972515106, "company": 0.415706992149353, "international": 0.39058005809783936, "corp": 0.36083731055259705, "business": 0.34744587540626526, "foreign": 0.3416174650192261, "united": 0.33934926986694336, "government": 0.3309685289859772, "administration": 0.2989867925643921, "market": 0.2934052050113678, "based": 0.27894821763038635, "products": 0.2783960700035095, "president": 0.2642775774002075, "agreement": 0.24758660793304443, "federal": 0.21587520837783813, "street": 0.21094301342964172, "time": 0.20579884946346283, "trade": 0.15412233769893646, "including": 0.08603505045175552}, "subsidies": {"companies": 0.45001235604286194, "industry": 0.4334758520126343, "products": 0.40022674202919006, "government": 0.387370765209198, "market": 0.38470399379730225, "business": 0.3485533893108368, "company": 0.3330199718475342, "corp": 0.3313794434070587, "federal": 0.3206860423088074, "foreign": 0.28291580080986023, "including": 0.27207043766975403, "united": 0.24928580224514008, "administration": 0.24575696885585785, "based": 0.220930814743042, "president": 0.21707653999328613, "international": 0.21167759597301483, "agreement": 0.19663406908512115, "time": 0.18248915672302246, "trade": 0.14470228552818298, "street": 0.11906430125236511}}}